{"columns":["Timestamp","Open","High","Low","Close","Volume","orgClose","ID","Date","voldelta","rohlc","sigffmb0","sigffmb1","sigffmb2","sigffmb3","sigffmb4","sigffmb5","ffmap","ffmapllim","ffmapulim","sigffmb20","sigffmb21","sigffmb22","sigffmb23","sigffmb24","sigffmb25","ffmap2","ffmapllim2","ffmapulim2","bbuAvg","bblAvg","bbmAvg","bbh0","bbl0","bbh1","bbl1","bbh2","bbl2","macd","macd_signal","macd_hist","MACD","MACDSignalLine","Histogram","EMA12","EMA26","bb3avg_buy","bb3avg_sell"],"index":[1636667400000,1636667700000,1636668000000,1636668300000,1636668600000,1636668900000,1636669200000,1636669500000,1636669800000,1636670100000,1636670400000,1636670700000,1636671000000,1636671300000,1636671600000,1636671900000,1636672200000,1636672500000,1636672800000,1636673100000,1636673400000,1636673700000,1636674000000,1636674300000,1636674600000,1636674900000,1636675200000,1636675500000],"data":[[1636667400000,4377.84,4381.32,4377.78,4379.46,232.0173,0.072991,0,1636667400000,230.3973,5620.54,null,null,null,null,null,null,null,null,null,null,null,null,null,null,null,null,null,null,null,null,null,null,null,null,null,null,null,null,null,null,0.0,0.0,0.0,4379.46,4379.46,null,null],[1636667700000,4379.4,4380.24,4375.8,4376.4,97.329,0.07294,1,1636667700000,152.35632,5623.6,null,null,null,null,null,null,null,null,null,null,null,null,null,null,null,null,null,null,null,null,null,null,null,null,null,null,null,null,null,null,-0.0686538462,-0.0381410256,-0.0305128205,4377.8025,4377.8711538462,null,null],[1636668000000,4376.16,4376.22,4372.2,4372.2,122.5942,0.07287,2,1636668000000,140.1342631579,5627.8,null,null,null,null,null,null,null,null,null,null,null,null,null,null,null,null,null,null,null,null,null,null,null,null,null,null,null,null,null,null,-0.2177203756,-0.1117391199,-0.1059812557,4375.6158429561,4375.8335633317,null,null],[1636668300000,4372.2,4379.16,4371.6,4378.86,128.5051,0.072981,3,1636668300000,132.5372261538,5621.14,null,null,null,null,null,null,null,null,null,null,null,null,null,null,null,null,null,null,null,null,null,null,null,null,null,null,null,null,null,null,-0.0397262184,-0.0873445056,0.0476182871,4376.6398965517,4376.6796227701,null,null],[1636668600000,4378.8,4380.0,4377.12,4378.68,92.6922,0.072978,4,1636668600000,117.2873345972,5621.32,null,null,null,null,null,null,null,null,null,null,null,null,null,null,null,null,null,null,null,null,null,null,null,null,null,null,null,null,null,null,0.0506668668,-0.0462892425,0.0969561093,4377.1941853673,4377.1435185005,null,null],[1636668900000,4378.74,4383.96,4375.5,4383.48,81.5028,0.073058,5,1636668900000,102.479121203,5616.52,null,null,null,null,null,null,null,null,null,null,null,null,null,null,null,null,null,null,null,null,null,null,null,null,null,null,null,null,null,null,0.3093038117,0.0500962458,0.2592075659,4378.7219690186,4378.4126652069,null,null],[1636669200000,4383.66,4385.94,4381.86,4383.48,98.3614,0.073058,6,1636669200000,101.0849498786,5616.52,null,null,null,null,null,null,null,null,null,null,null,null,null,null,null,null,null,null,null,null,null,null,null,null,null,null,null,null,null,null,0.4698425535,0.1563228385,0.313519715,4379.783706985,4379.3138644315,null,null],[1636669500000,4383.66,4383.66,4372.2,4372.2,127.4558,0.07287,7,1636669500000,114.2072447581,5627.8,null,null,null,null,null,null,null,null,null,null,null,null,null,null,null,null,null,null,null,null,null,null,null,null,null,null,null,null,null,null,0.0334596238,0.1267964975,-0.0933368737,4378.2011042257,4378.1676446019,null,null],[1636669800000,4372.02,4372.08,4364.64,4367.28,311.4086,0.072788,8,1636669800000,183.3187794586,5632.72,null,null,null,null,null,null,null,null,null,null,null,null,null,null,null,null,null,null,null,null,null,null,null,null,null,null,null,null,null,null,-0.5133355609,-0.0210771837,-0.4922583772,4376.0405210953,4376.5538566561,null,null],[1636670100000,4367.28,4369.74,4363.08,4368.54,80.4647,0.072809,9,1636670100000,148.001632953,5631.46,null,null,null,null,null,null,null,null,null,null,null,null,null,null,null,null,null,null,null,null,null,null,null,null,null,null,null,null,null,null,-0.8288471712,-0.2020645519,-0.6267826193,4374.6191752628,4375.448022434,null,null],[1636670400000,4368.54,4372.92,4367.52,4372.26,63.5151,0.072871,10,1636670400000,118.2555603636,5627.74,null,null,null,null,null,null,null,null,null,null,null,null,null,null,null,null,null,null,null,null,null,null,null,null,null,null,null,null,null,null,-0.8470318409,-0.3431797094,-0.5038521315,4374.1875030734,4375.0345349143,null,null],[1636670700000,4372.2,4373.7,4369.38,4373.4,176.6762,0.07289,11,1636670700000,137.4772551737,5626.6,null,null,null,null,null,null,null,null,null,null,null,null,null,null,null,null,null,null,null,null,null,4386.3295141426,4364.7104858574,null,null,null,null,null,null,null,-0.7862189335,-0.4383259544,-0.3478929791,4374.0474876122,4374.8337065457,null,null],[1636671000000,4373.46,4373.46,4368.18,4370.46,62.6026,0.072841,12,1636671000000,113.3952981222,5629.54,null,null,null,null,null,null,null,null,null,null,null,null,null,null,null,null,null,null,null,null,null,4385.6359730804,4363.9040269196,null,null,null,null,null,null,null,-0.8967641368,-0.5353474013,-0.3614167355,4373.4245634759,4374.3213276127,null,null],[1636671300000,4370.52,4374.6,4370.52,4373.76,88.767,0.072896,13,1636671300000,104.0739352036,5626.24,null,null,null,null,null,null,null,null,null,null,null,null,null,null,null,null,null,null,null,null,null,4385.3784072238,4363.7215927762,null,null,null,null,null,null,null,-0.7766062355,-0.5858189294,-0.1907873061,4373.4816776061,4374.2582838416,null,null],[1636671600000,4373.88,4374.48,4369.2,4374.24,92.8775,0.072904,14,1636671600000,100.2129730176,5625.76,null,null,null,null,null,null,null,null,null,null,null,null,null,null,null,null,null,null,null,null,null,4385.4499931035,4363.9900068965,null,null,null,null,null,null,null,-0.6475963887,-0.5986249947,-0.0489713941,4373.6087095891,4374.2563059778,null,null],[1636671900000,4374.24,4374.24,4369.08,4371.6,93.8174,0.07286,15,1636671900000,98.9592065623,5628.4,null,null,null,null,null,null,null,null,null,null,null,null,null,null,null,null,null,null,null,null,null,4384.6410235004,4363.5889764996,null,null,null,null,null,null,null,-0.7016800598,-0.6198329588,-0.081847101,4373.2767544917,4373.9784345515,null,null],[1636672200000,4371.6,4372.26,4366.38,4366.44,61.7099,0.072774,16,1636672200000,88.2519035656,5633.56,null,null,null,null,null,null,null,null,null,null,null,null,null,null,null,null,null,null,null,null,null,4384.0585034894,4362.1314965106,4384.2187699884,4364.3388770704,null,null,null,null,null,-1.0535428916,-0.7085731979,-0.3449696937,4372.1596747207,4373.2132176124,null,null],[1636672500000,4366.38,4367.4,4365.0,4366.62,52.5125,0.072777,17,1636672500000,76.2506485207,5633.38,null,null,null,null,null,null,null,null,null,null,null,null,null,null,null,null,null,null,null,null,null,4381.0316488374,4362.3483511626,4383.7218659321,4363.3251928914,null,null,null,null,null,-1.2987304409,-0.8287699181,-0.4699605228,4371.2630888956,4372.5618193364,null,null],[1636672800000,4366.68,4369.2,4362.3,4364.22,222.2067,0.072737,18,1636672800000,125.7449922319,5635.78,null,null,null,null,null,null,null,null,null,null,null,null,null,null,null,null,null,null,null,null,null,4376.817678275,4363.352321725,4383.7784735835,4361.8356440636,null,null,null,null,null,-1.6253198118,-0.9904093668,-0.634910445,4370.1322274354,4371.7575472472,null,null],[1636673100000,4364.22,4365.24,4362.6,4363.08,222.4638,0.072718,19,1636673100000,158.3744074216,5636.92,null,null,null,null,null,null,null,null,null,null,null,null,null,null,null,null,null,null,null,null,null,4377.0172730538,4361.6327269462,4384.1616159347,4360.3795605359,null,null,null,null,null,-1.9317346779,-1.180870294,-0.7508643839,4369.0074539079,4370.9391885858,null,null],[1636673400000,4363.2,4363.62,4358.7,4359.54,324.5456,0.072659,20,1636673400000,214.9961568029,5640.46,null,null,null,null,null,null,null,null,null,null,null,